{
    "run": {
        "cpu_info": {
            "num": 80,
            "name": "Intel(R) Xeon(R) CPU E5-2698 v4 @ 2.20GHz"
        },
        "mem_info": {
            "ram": "503G"
        },
        "gpu_info": {
            "driver_version": "410.79",
            "num": 8,
            "name": [
                "Tesla V100-SXM2-16GB",
                "Tesla V100-SXM2-16GB",
                "Tesla V100-SXM2-16GB",
                "Tesla V100-SXM2-16GB",
                "Tesla V100-SXM2-16GB",
                "Tesla V100-SXM2-16GB",
                "Tesla V100-SXM2-16GB",
                "Tesla V100-SXM2-16GB"
            ],
            "mem": [
                "16130 MiB",
                "16130 MiB",
                "16130 MiB",
                "16130 MiB",
                "16130 MiB",
                "16130 MiB",
                "16130 MiB",
                "16130 MiB"
            ]
        },
        "args": {
            "model_name": "Tacotron2",
            "input_text": "qa/text_padded.pt",
            "input_mels": null,
            "sampling_rate": 22050,
            "fp16_run": true,
            "batch_size": 1,
            "create_benchmark": true
        }
    },
    "epoch": {
        "x": []
    },
    "iter": {
        "x": [
            [
                0,
                1,
                2,
                3,
                4,
                5,
                6,
                7,
                8,
                9,
                10,
                11,
                12,
                13,
                14,
                15
            ]
        ],
        "items_per_sec": [
            [
                156.32130205658873,
                153.5082393743664,
                148.03801851923782,
                147.82735573646224,
                146.59112327972724,
                146.4482421373458,
                148.1966524662319,
                138.57728431172202,
                144.63969615432546,
                147.47893385206478,
                147.17203134651092,
                145.3716634687803,
                147.76659570898653,
                146.87543767659457,
                144.7694707076492,
                149.28628427885107
            ]
        ]
    },
    "event": {}
}