{
    "run": {
        "cpu_info": {
            "num": 80,
            "name": "Intel(R) Xeon(R) CPU E5-2698 v4 @ 2.20GHz"
        },
        "mem_info": {
            "ram": "503G"
        },
        "gpu_info": {
            "driver_version": "410.79",
            "num": 8,
            "name": [
                "Tesla V100-SXM2-16GB",
                "Tesla V100-SXM2-16GB",
                "Tesla V100-SXM2-16GB",
                "Tesla V100-SXM2-16GB",
                "Tesla V100-SXM2-16GB",
                "Tesla V100-SXM2-16GB",
                "Tesla V100-SXM2-16GB",
                "Tesla V100-SXM2-16GB"
            ],
            "mem": [
                "16130 MiB",
                "16130 MiB",
                "16130 MiB",
                "16130 MiB",
                "16130 MiB",
                "16130 MiB",
                "16130 MiB",
                "16130 MiB"
            ]
        },
        "args": {
            "model_name": "Tacotron2",
            "checkpoint": "/result/checkpoint_Tacotron2_fp16",
            "input_text": "qa/text_padded.pt",
            "input_mels": null,
            "sampling_rate": 22050,
            "fp16_run": true,
            "batch_size": 8,
            "create_benchmark": true
        }
    },
    "epoch": {
        "x": []
    },
    "iter": {
        "x": [
            [
                0,
                1,
                2,
                3,
                4,
                5,
                6,
                7,
                8,
                9,
                10,
                11,
                12,
                13,
                14,
                15
            ]
        ],
        "items_per_sec": [
            [
                1270.5387905956948,
                1307.3139155053611,
                1229.5132709288894,
                1261.327144362751,
                1221.782684937123,
                1206.5039337302387,
                1241.7206352214828,
                1252.6698440747148,
                1284.5786752799652,
                1197.0142814134754,
                1202.5166182098058,
                1234.737840725167,
                1221.4297115118309,
                1227.1184946223243,
                1283.010536333356,
                1276.6254667730086
            ]
        ]
    },
    "event": {}
}