{
    "run": {
        "cpu_info": {
            "num": 80,
            "name": "Intel(R) Xeon(R) CPU E5-2698 v4 @ 2.20GHz"
        },
        "mem_info": {
            "ram": "503G"
        },
        "gpu_info": {
            "driver_version": "410.79",
            "num": 8,
            "name": [
                "Tesla V100-SXM2-16GB",
                "Tesla V100-SXM2-16GB",
                "Tesla V100-SXM2-16GB",
                "Tesla V100-SXM2-16GB",
                "Tesla V100-SXM2-16GB",
                "Tesla V100-SXM2-16GB",
                "Tesla V100-SXM2-16GB",
                "Tesla V100-SXM2-16GB"
            ],
            "mem": [
                "16130 MiB",
                "16130 MiB",
                "16130 MiB",
                "16130 MiB",
                "16130 MiB",
                "16130 MiB",
                "16130 MiB",
                "16130 MiB"
            ]
        },
        "args": {
            "model_name": "Tacotron2",
            "checkpoint": "/result/checkpoint_Tacotron2_fp32",
            "input_text": "qa/text_padded.pt",
            "input_mels": null,
            "sampling_rate": 22050,
            "fp16_run": false,
            "batch_size": 4,
            "create_benchmark": true
        }
    },
    "epoch": {
        "x": []
    },
    "iter": {
        "x": [
            [
                0,
                1,
                2,
                3,
                4,
                5,
                6,
                7,
                8,
                9,
                10,
                11,
                12,
                13,
                14,
                15
            ]
        ],
        "items_per_sec": [
            [
                627.5853530805359,
                627.8695547917199,
                628.2794718709208,
                628.3408499629938,
                621.8620408465844,
                621.0130399478887,
                622.9296519728141,
                661.2532501237155,
                659.2873270794236,
                638.0585435800931,
                656.5665006525508,
                659.2652582603755,
                660.3588223852267,
                627.766630878877,
                656.9849460253566,
                653.1532588618933
            ]
        ]
    },
    "event": {}
}