{
    "run": {
        "cpu_info": {
            "num": 80,
            "name": "Intel(R) Xeon(R) CPU E5-2698 v4 @ 2.20GHz"
        },
        "mem_info": {
            "ram": "503G"
        },
        "gpu_info": {
            "driver_version": "410.79",
            "num": 8,
            "name": [
                "Tesla V100-SXM2-16GB",
                "Tesla V100-SXM2-16GB",
                "Tesla V100-SXM2-16GB",
                "Tesla V100-SXM2-16GB",
                "Tesla V100-SXM2-16GB",
                "Tesla V100-SXM2-16GB",
                "Tesla V100-SXM2-16GB",
                "Tesla V100-SXM2-16GB"
            ],
            "mem": [
                "16130 MiB",
                "16130 MiB",
                "16130 MiB",
                "16130 MiB",
                "16130 MiB",
                "16130 MiB",
                "16130 MiB",
                "16130 MiB"
            ]
        },
        "args": {
            "model_name": "Tacotron2",
            "input_text": "qa/text_padded.pt",
            "input_mels": null,
            "sampling_rate": 22050,
            "fp16_run": false,
            "batch_size": 1,
            "create_benchmark": true
        }
    },
    "epoch": {
        "x": []
    },
    "iter": {
        "x": [
            [
                0,
                1,
                2,
                3,
                4,
                5,
                6,
                7,
                8,
                9,
                10,
                11,
                12,
                13,
                14,
                15
            ]
        ],
        "items_per_sec": [
            [
                154.41273007341937,
                158.97175291703633,
                157.04052563734044,
                157.35964716909896,
                156.9346981318652,
                154.19344470645078,
                155.4809087959932,
                145.17162616894313,
                157.13400495709718,
                155.35944962010868,
                160.02194983206974,
                158.39478637417548,
                160.07468503960857,
                158.48446710250104,
                156.47873377373216,
                149.23021849805085
            ]
        ]
    },
    "event": {}
}