{
    "run": {
        "cpu_info": {
            "num": 80,
            "name": "Intel(R) Xeon(R) CPU E5-2698 v4 @ 2.20GHz"
        },
        "mem_info": {
            "ram": "503G"
        },
        "gpu_info": {
            "driver_version": "410.79",
            "num": 8,
            "name": [
                "Tesla V100-SXM2-16GB",
                "Tesla V100-SXM2-16GB",
                "Tesla V100-SXM2-16GB",
                "Tesla V100-SXM2-16GB",
                "Tesla V100-SXM2-16GB",
                "Tesla V100-SXM2-16GB",
                "Tesla V100-SXM2-16GB",
                "Tesla V100-SXM2-16GB"
            ],
            "mem": [
                "16130 MiB",
                "16130 MiB",
                "16130 MiB",
                "16130 MiB",
                "16130 MiB",
                "16130 MiB",
                "16130 MiB",
                "16130 MiB"
            ]
        },
        "args": {
            "model_name": "WaveGlow",
            "checkpoint": "/result/checkpoint_WaveGlow_fp16",
            "input_text": null,
            "input_mels": "qa/mel_padded.pt",
            "sampling_rate": 22050,
            "fp16_run": true,
            "batch_size": 1,
            "create_benchmark": true
        }
    },
    "epoch": {
        "x": []
    },
    "iter": {
        "x": [
            [
                0,
                1,
                2,
                3,
                4,
                5,
                6,
                7,
                8,
                9,
                10,
                11,
                12,
                13,
                14,
                15
            ]
        ],
        "items_per_sec": [
            [
                530445.7098765369,
                526788.5820829802,
                525912.4961827997,
                529640.4427058147,
                530117.9447442542,
                528484.9069317767,
                525045.6979954068,
                528665.3795279989,
                529362.8372248268,
                527595.9285032686,
                524539.8807859542,
                529211.047745775,
                528680.469386538,
                527996.6331838784,
                524006.9747305915,
                526654.3090756489
            ]
        ]
    },
    "event": {}
}