{
    "run": {
        "cpu_info": {
            "num": 80,
            "name": "Intel(R) Xeon(R) CPU E5-2698 v4 @ 2.20GHz"
        },
        "mem_info": {
            "ram": "503G"
        },
        "gpu_info": {
            "driver_version": "410.79",
            "num": 8,
            "name": [
                "Tesla V100-SXM2-16GB",
                "Tesla V100-SXM2-16GB",
                "Tesla V100-SXM2-16GB",
                "Tesla V100-SXM2-16GB",
                "Tesla V100-SXM2-16GB",
                "Tesla V100-SXM2-16GB",
                "Tesla V100-SXM2-16GB",
                "Tesla V100-SXM2-16GB"
            ],
            "mem": [
                "16130 MiB",
                "16130 MiB",
                "16130 MiB",
                "16130 MiB",
                "16130 MiB",
                "16130 MiB",
                "16130 MiB",
                "16130 MiB"
            ]
        },
        "args": {
            "model_name": "WaveGlow",
            "checkpoint": "/result/checkpoint_WaveGlow_fp16",
            "input_text": null,
            "input_mels": "qa/mel_padded.pt",
            "sampling_rate": 22050,
            "fp16_run": true,
            "batch_size": 8,
            "create_benchmark": true
        }
    },
    "epoch": {
        "x": []
    },
    "iter": {
        "x": [
            [
                0,
                1,
                2,
                3,
                4,
                5,
                6,
                7,
                8,
                9,
                10,
                11,
                12,
                13,
                14,
                15
            ]
        ],
        "items_per_sec": [
            [
                665198.8051152608,
                662277.3433195193,
                663515.9041375604,
                662376.7317498851,
                660342.5855248655,
                659077.9297649825,
                661307.1263214186,
                661008.0112263099,
                658886.0750064555,
                660052.0600820153,
                657752.9291661396,
                659995.6759915572,
                657938.2294722485,
                660015.4670750159,
                659236.6894952275,
                659952.8431220766
            ]
        ]
    },
    "event": {}
}