{
    "run": {
        "cpu_info": {
            "num": 80,
            "name": "Intel(R) Xeon(R) CPU E5-2698 v4 @ 2.20GHz"
        },
        "mem_info": {
            "ram": "503G"
        },
        "gpu_info": {
            "driver_version": "410.79",
            "num": 8,
            "name": [
                "Tesla V100-SXM2-16GB",
                "Tesla V100-SXM2-16GB",
                "Tesla V100-SXM2-16GB",
                "Tesla V100-SXM2-16GB",
                "Tesla V100-SXM2-16GB",
                "Tesla V100-SXM2-16GB",
                "Tesla V100-SXM2-16GB",
                "Tesla V100-SXM2-16GB"
            ],
            "mem": [
                "16130 MiB",
                "16130 MiB",
                "16130 MiB",
                "16130 MiB",
                "16130 MiB",
                "16130 MiB",
                "16130 MiB",
                "16130 MiB"
            ]
        },
        "args": {
            "model_name": "WaveGlow",
            "checkpoint": "/result/checkpoint_WaveGlow_fp32",
            "input_text": null,
            "input_mels": "qa/mel_padded.pt",
            "sampling_rate": 22050,
            "fp16_run": false,
            "batch_size": 4,
            "create_benchmark": true
        }
    },
    "epoch": {
        "x": []
    },
    "iter": {
        "x": [
            [
                0,
                1,
                2,
                3,
                4,
                5,
                6,
                7,
                8,
                9,
                10,
                11,
                12,
                13,
                14,
                15
            ]
        ],
        "items_per_sec": [
            [
                389484.276104799,
                386905.52100049716,
                386350.4258704607,
                385797.7822329347,
                385731.9642700353,
                386868.181259525,
                385030.31223145965,
                385120.0552724637,
                384647.4715182351,
                384859.8763602828,
                383396.1947881185,
                383548.7063184324,
                383894.4769483628,
                384631.10399442876,
                383091.81828159024,
                382648.36886780517
            ]
        ]
    },
    "event": {}
}