{
    "run": {
        "cpu_info": {
            "num": 80,
            "name": "Intel(R) Xeon(R) CPU E5-2698 v4 @ 2.20GHz"
        },
        "mem_info": {
            "ram": "503G"
        },
        "gpu_info": {
            "driver_version": "410.79",
            "num": 8,
            "name": [
                "Tesla V100-SXM2-16GB",
                "Tesla V100-SXM2-16GB",
                "Tesla V100-SXM2-16GB",
                "Tesla V100-SXM2-16GB",
                "Tesla V100-SXM2-16GB",
                "Tesla V100-SXM2-16GB",
                "Tesla V100-SXM2-16GB",
                "Tesla V100-SXM2-16GB"
            ],
            "mem": [
                "16130 MiB",
                "16130 MiB",
                "16130 MiB",
                "16130 MiB",
                "16130 MiB",
                "16130 MiB",
                "16130 MiB",
                "16130 MiB"
            ]
        },
        "args": {
            "model_name": "WaveGlow",
            "input_text": null,
            "input_mels": "qa/mel_padded.pt",
            "sampling_rate": 22050,
            "fp16_run": false,
            "batch_size": 1,
            "create_benchmark": true
        }
    },
    "epoch": {
        "x": []
    },
    "iter": {
        "x": [
            [
                0,
                1,
                2,
                3,
                4,
                5,
                6,
                7,
                8,
                9,
                10,
                11,
                12,
                13,
                14,
                15
            ]
        ],
        "items_per_sec": [
            [
                399971.9197258379,
                398629.6964437712,
                399672.33173921704,
                398739.1912846553,
                399509.5017599639,
                397192.5081722139,
                398044.70468653634,
                398490.1859678222,
                397740.4231697919,
                397275.9212408913,
                397940.2047510221,
                397750.9589823524,
                397567.1562333097,
                396212.2448602639,
                397523.9041937371,
                397541.17098963866
            ]
        ]
    },
    "event": {}
}