{
   "bs" : [
      2,
      4,
      8,
      16,
      32
   ],
   "metric_keys" : [
      "images_per_second"
   ],
   "metrics" : {
      "1" : {
         "16" : {
            "images_per_second" : 280.4733254
         },
         "2" : {
            "images_per_second" : 143.8231571
         },
         "32" : {
            "images_per_second" : 305.4504603
         },
         "4" : {
            "images_per_second" : 202.6915644
         },
         "8" : {
            "images_per_second" : 230.262872
         }
      }
   },
   "ngpus" : [
      1
   ]
}
